msid,school_name,appears_in_dropdown,school_active,school_level,grades_served,address,city_state_zip,opened_year,age_of_site_2026,last_major_renovation_year,site_acres,enrollment_2017,enrollment_2018,enrollment_2019,enrollment_2020,enrollment_2021,enrollment_2022,enrollment_2023,enrollment_2024,enrollment_2025,sy2526_actual,projected_2026_27,projected_2027_28,projected_2028_29,projected_2029_30,projected_2030_31,factored_capacity_2025_26,utilization_2025_26,assignment_capture_rate,other_district_capture_rate,choice_capture_rate,charter_capture_rate,fromto_resident_denominator,assignment_capture_students,other_district_capture_students,choice_capture_students,charter_capture_students,eth_hawaiian_native_pacific_islander,eth_asian,eth_black_non_hispanic,eth_hispanic,eth_amer_indian_or_alaskan_native,eth_multi_racial,eth_white_non_hispanic,lunch_not_free_reduced,lunch_free,lunch_reduced
11,TITUSVILLE HIGH SCHOOL,yes,Active,high,'9-12,150 TERRIER TRAIL,"TITUSVILLE, FL 32780",1955,71,2008,53,1412,1381,1310,1230,1231,1313,1309,1277,1306,1306,1300,1208,1180,1150,1128,1801,0.725,0.8668206313,0.1193225558,0.0138568129,0,1299,1126,155,18,0,0,36,254,155,2,127,732,657,534,115
51,OAK PARK ELEMENTARY SCHOOL,yes,Active,elementary,'K-6,3395 DAIRY RD,"TITUSVILLE, FL 32796",1966,60,N/A,20,896,723,642,603,561,505,472,473,491,491,491,473,455,443,450,906,0.542,0.5584795322,0.1257309942,0.2397660819,0.0760233918,684,382,86,164,52,3,2,106,58,2,54,266,163,280,48
52,JAMES MADISON MIDDLE SCHOOL,yes,Active,middle,'7-8,3375 DAIRY RD,"TITUSVILLE, FL 32796",1967,59,N/A,20,460,492,528,470,480,446,429,446,424,424,410,434,463,441,388,781,0.543,0.8404907975,0.0674846626,0.0122699387,0.0797546012,489,411,33,6,39,1,0,62,44,0,35,282,222,175,27
61,APOLLO ELEMENTARY SCHOOL,yes,Active,elementary,'K-6,3085 KNOX MCRAE DR,"TITUSVILLE, FL 32780",1966,60,N/A,15,877,847,836,785,782,731,643,596,573,573,564,528,510,506,483,902,0.635,0.698457223,0.110799439,0.0911640954,0.0995792426,713,498,79,65,71,3,8,189,56,1,64,252,201,336,36
91,COQUINA ELEMENTARY SCHOOL,yes,Active,elementary,'K-6,850 KNOX MCRAE DR,"TITUSVILLE, FL 32780",1963,63,N/A,12,598,515,520,499,534,560,488,465,473,473,442,449,442,447,453,711,0.665,0.67120954,0.1482112436,0.0749574106,0.1056218058,587,394,87,44,62,1,5,102,52,2,65,246,157,288,28
101,MIMS ELEMENTARY SCHOOL,yes,Active,elementary,'K-6,2582 U.S.HWY 1,"MIMS, FL 32754",1960,66,N/A,13,510,479,452,389,431,464,416,395,407,407,392,364,346,329,328,725,0.561,0.6352459016,0.1700819672,0.1516393443,0.0430327869,488,310,83,74,21,2,3,119,38,2,36,207,126,257,24
122,SOUTH LAKE ELEMENTARY,yes,Active,elementary,'K-6,3755 GARDEN ST,"TITUSVILLE, FL 32796",1962,64,N/A,12,0,311,351,367,396,434,446,469,484,484,506,506,506,506,506,639,0.757,0,0,0,0,0,0,0,0,0,0,6,18,30,1,34,395,373,90,21
141,ANDREW JACKSON MIDDLE SCHOOL,yes,Active,middle,'7-8,1515 KNOX MCRAE DR,"TITUSVILLE, FL 32780",1965,61,N/A,27,548,548,537,566,574,550,561,505,468,468,443,460,457,417,394,660,0.709,0.7689594356,0.0899470899,0.0194003527,0.1216931217,567,436,51,11,69,1,11,103,49,3,51,250,238,205,25
151,IMPERIAL ESTATES ELEMENTARY SCHOOL,yes,Active,elementary,'K-6,900 IMPERIAL ESTATES LA,"TITUSVILLE, FL 32780",1968,58,N/A,15,687,639,629,605,624,659,671,607,559,559,554,519,489,471,458,729,0.767,0.6113360324,0.1106612686,0.1039136302,0.1740890688,741,453,82,77,129,0,9,120,54,3,88,285,267,263,29
161,ASTRONAUT HIGH SCHOOL,yes,Active,high,'9-12,800 WAR EAGLE BLVD,"TITUSVILLE, FL 32796",1971,55,N/A,39,1070,1076,1055,1087,1077,1109,1056,1054,1018,1018,1006,956,912,904,901,1451,0.702,0.8409728718,0.1431244153,0.0140318054,0.0018709074,1069,899,153,15,2,3,16,123,91,1,73,711,547,390,81
181,PINEWOOD ELEMENTARY SCHOOL,yes,Active,elementary,'K-6,3757 OLD DIXIE HWY,"MIMS, FL 32754",1968,58,N/A,16,505,517,496,470,496,521,529,501,439,439,430,464,483,496,492,613,0.716,0.8060344828,0.0517241379,0.1099137931,0.0323275862,464,374,24,51,15,1,1,18,22,3,24,370,238,168,33
191,CHALLENGER 7 ELEMENTARY SCHOOL,yes,Active,elementary,'K-6,6135 RENA DR,"COCOA, FL 32927",1986,40,N/A,19,572,571,543,477,506,503,481,431,436,436,438,418,402,411,412,573,0.761,0.6723044397,0.2389006342,0.0253699789,0.0634249471,473,318,113,12,30,0,6,30,46,6,50,298,245,160,31
201,ATLANTIS ELEMENTARY SCHOOL,yes,Active,elementary,'K-6,7300 BRIGGS AV,"COCOA, FL 32927",1989,37,N/A,16,693,713,670,633,629,620,635,653,615,615,583,559,524,500,459,739,0.832,0.8087520259,0.0923824959,0.0259319287,0.0729335494,617,499,57,16,45,0,4,36,40,1,62,472,322,265,28
301,ENTERPRISE ELEMENTARY SCHOOL,yes,Active,elementary,'K-6,7000 ENTERPRISE RD,"COCOA, FL 32927",1992,34,N/A,36,569,599,607,536,605,597,610,597,598,598,577,568,553,546,530,729,0.82,0.8508403361,0.0588235294,0.018907563,0.0714285714,476,405,28,9,34,1,7,29,51,1,56,453,374,194,30
302,SPACE COAST JR/SR HIGH SCHOOL,yes,Active,jr_sr_high,'7-12,6150 BANYAN ST,PORT ST. JOHN FL 32927,1994,32,N/A,48,1597,1586,1584,1501,1556,1534,1488,1505,1465,1465,1424,1380,1364,1302,1311,1852,0.791,0.864628821,0.0873362445,0.0298398836,0.0181950509,1374,1188,120,41,25,0,24,98,120,4,140,1079,855,502,108
1011,ROCKLEDGE SENIOR HIGH SCHOOL,yes,Active,high,'9-12,220 RAIDER RD,"ROCKLEDGE, FL 32955",1954,72,N/A,52,1537,1516,1518,1518,1568,1559,1544,1577,1533,1533,1529,1470,1437,1438,1437,1836,0.835,0.8543140028,0.1145685997,0.0289957567,0.0021216407,1414,1208,162,41,3,1,32,407,269,2,144,678,800,627,106
1041,CAMBRIDGE ELEMENTARY MAGNET SCHOOL,yes,Active,elementary,'K-6,2000 CAMBRIDGE DR,"COCOA, FL 32922",1959,67,N/A,16,686,661,632,519,506,495,504,477,511,511,472,507,530,553,574,787,0.649,0.7475728155,0.159223301,0.027184466,0.0660194175,515,385,82,14,34,1,5,141,191,3,51,119,145,347,19
1051,ENDEAVOUR ELEMENTARY SCHOOL,yes,Active,elementary,'K-6,905 PINEDA ST,"COCOA, FL 32922",1958,68,N/A,17,821,662,652,608,657,719,720,744,693,693,679,671,624,576,551,968,0.716,0.651465798,0.1606948969,0.0054288817,0.1824104235,921,600,148,5,168,10,5,219,201,5,131,122,232,434,27
1071,GOLFVIEW ELEMENTARY MAGNET SCHOOL,yes,Active,elementary,'K-6,1530 S FISKE BLVD,"ROCKLEDGE, FL 32955",1963,63,N/A,12,589,555,508,439,454,441,459,448,462,462,448,449,439,450,442,777,0.595,0.5282714055,0.2374798061,0.0258481422,0.2084006462,619,327,147,16,129,1,5,171,104,1,59,121,155,283,24
1081,RONALD MCNAIR MAGNET MIDDLE SCHOOL,yes,Active,middle,'7-8,501 ROSA L JONES DR,"ROCKLEDGE, FL 32955",1959,67,N/A,20,386,480,489,407,336,365,355,262,249,249,240,240,274,269,253,616,0.404,0.6151419558,0.1987381703,0.0378548896,0.1482649842,317,195,63,12,47,0,4,99,52,0,37,57,108,130,11
1091,FAIRGLEN ELEMENTARY SCHOOL,yes,Active,elementary,'K-6,201 INDIAN TRAIL,"COCOA, FL 32927",1966,60,N/A,12,699,681,667,577,581,617,517,466,469,469,489,478,465,457,447,789,0.594,0.5569272977,0.2496570645,0.0713305898,0.122085048,729,406,182,52,89,1,12,39,53,3,33,328,151,279,39
1101,JOHN F. KENNEDY MIDDLE SCHOOL,yes,Active,middle,'7-8,2100 S FISKE BLVD,"ROCKLEDGE, FL 32955",1966,60,N/A,34,682,611,657,666,682,671,667,449,381,381,373,407,395,369,374,725,0.526,0.7126760563,0.0647887324,0.0281690141,0.1943661972,355,253,23,10,69,0,10,85,62,2,47,175,188,168,25
1121,COCOA HIGH SCHOOL,yes,Active,jr_sr_high,'7-12,2000 ROSETINE RD,COCOA  FL 32926,1969,57,N/A,65,1599,1577,1610,1572,1516,1545,1474,1435,1311,1311,1235,1198,1207,1204,1204,2085,0.629,0.6499466382,0.2785485592,0.0432230523,0.0282817503,1874,1218,522,81,53,0,8,377,351,3,129,443,537,720,54
1131,SATURN ELEMENTARY SCHOOL,yes,Active,elementary,'K-6,880 RANGE RD,"COCOA, FL 32926",1967,59,N/A,12,764,853,845,794,678,649,589,622,595,595,607,603,596,602,595,998,0.596,0.6052980132,0.2026490066,0.0397350993,0.1523178808,755,457,153,30,115,1,9,195,125,4,58,203,161,405,29
1141,HANS CHRISTIAN ANDERSEN ELEMENTARY SCHOOL,yes,Active,elementary,'K-6,3011 S FISKE BLVD,"ROCKLEDGE, FL 32955",1968,58,N/A,15,736,720,718,618,592,568,525,481,433,433,422,381,363,354,344,757,0.572,0.510172144,0.2034428795,0.0156494523,0.2707355243,639,326,130,10,173,0,7,100,50,0,48,228,196,208,29
1151,RALPH M. WILLIAMS ELEMENTARY SCHOOL,yes,Active,elementary,'K-6,1700 COUNTRYCLUB DR,"ROCKLEDGE, FL 32955",1998,28,N/A,15,564,582,574,482,494,451,443,436,406,406,402,399,395,384,390,715,0.568,0.6790450928,0.0875331565,0.0106100796,0.2228116711,377,256,33,4,84,1,9,56,58,2,46,234,248,141,17
1161,MANATEE ELEMENTARY SCHOOL,yes,Active,elementary,'K-6,3425 VIERA BLVD,"VIERA, FL 32940",2003,23,N/A,18,914,949,995,868,843,898,876,910,943,943,956,971,955,914,890,998,0.945,0.7717976319,0.0441334769,0.0172228202,0.166846071,929,717,41,16,155,0,58,50,96,4,79,656,762,143,38
1171,VIERA HIGH SCHOOL,yes,Active,high,'9-12,6103 STADIUM PARKWAY,"VIERA, FL 32940",2006,20,N/A,85,2109,2157,2154,2096,2216,2289,2312,2333,2275,2275,2255,2224,2234,2222,2148,2461,0.924,0.7856365615,0.1015596663,0.1088139282,0.003989844,2757,2166,280,300,11,2,104,112,259,8,203,1587,1948,270,57
2011,MELBOURNE SENIOR HIGH SCHOOL,yes,Active,high,'9-12,74 BULLDOG BLVD,"MELBOURNE, FL 32901",1955,71,N/A,40,2217,2113,2140,2112,2210,2245,2178,2210,2246,2246,2247,2225,2222,2245,2210,2370,0.948,0.7575633688,0.1017988553,0.0915780867,0.0490596893,2446,1853,249,224,120,2,135,215,287,9,172,1426,1572,551,123
2021,PALM BAY MAGNET SENIOR HIGH SCHOOL,yes,Active,high,'9-12,101 PIRATE LANE,"MELBOURNE, FL 32901",1966,60,2004,38,1587,1543,1413,1336,1286,1483,1410,1366,1296,1296,1291,1271,1281,1344,1384,2499,0.519,0.5972515856,0.2447145877,0.023255814,0.1347780127,1892,1130,463,44,255,3,25,420,202,3,160,483,629,590,77
2031,MEADOWLANE INTERMEDIATE ELEMENTARY SCHOOL,yes,Active,elementary,'3-6,2900 WINGATE BLVD,"West Melbourne, FL 32904",2007,19,N/A,20,1002,868,836,772,832,825,797,778,757,757,723,680,609,562,518,982,0.771,0.614213198,0.0284263959,0.1299492386,0.2274111675,985,605,28,128,224,1,38,118,83,3,88,426,421,278,58
2041,MEADOWLANE PRIMARY ELEMENTARY SCHOOL,yes,Active,elementary,'K-2,2800 WINGATE BLVD,"West Melbourne, FL 32904",1992,34,N/A,20,749,626,680,661,678,651,655,604,518,518,475,436,436,436,436,824,0.629,0.5844155844,0.0373376623,0.1282467532,0.25,616,360,23,79,154,1,29,74,73,2,58,281,274,202,42
2042,WEST MELBOURNE ELEMENTARY SCHOOL FOR SCIENCE,yes,Active,elementary,'K-6,2255 MEADOWLANE AV,"West Melbourne, FL 32904",1960,66,N/A,12,550,553,548,531,544,549,550,605,604,604,605,605,605,605,605,760,0.795,0,0,0,0,0,0,0,0,0,1,83,42,44,5,47,382,510,66,28
2051,UNIVERSITY PARK ELEMENTARY SCHOOL,yes,Active,elementary,'K-6,500 W UNIVERSITY BLVD,"MELBOURNE, FL 32901",1959,67,N/A,11,514,473,479,432,466,487,495,529,476,476,423,497,484,452,445,811,0.587,0.4212962963,0.193287037,0.0393518519,0.3460648148,864,364,167,34,299,0,8,197,49,3,69,150,128,337,11
2061,PORT MALABAR ELEMENTARY SCHOOL,yes,Active,elementary,'K-6,301 PIONEER AV NE,"PALM BAY, FL 32907",1979,47,N/A,13,729,688,713,648,636,640,605,628,604,604,595,578,591,566,556,834,0.724,0.5949535193,0.0478087649,0.0358565737,0.3213811421,753,448,36,27,242,0,14,140,101,0,82,267,228,336,40
2071,STONE MAGNET MIDDLE SCHOOL,yes,Active,middle,'7-8,1101 E UNIVERSITY BLVD,"MELBOURNE, FL 32901",1955,71,N/A,35,822,791,769,775,747,668,584,556,527,527,510,571,575,641,652,1076,0.49,0.5676905575,0.0796359499,0.039817975,0.3128555176,879,499,70,35,275,0,12,156,78,3,63,215,208,287,32
2081,PALM BAY ELEMENTARY SCHOOL,yes,Active,elementary,'K-6,1200 ALLAMANDA RD. NE,"PALM BAY, FL 32905",1966,60,N/A,14,632,615,641,573,547,586,623,583,531,531,500,504,490,503,492,983,0.54,0.6092814371,0.119760479,0.0149700599,0.255988024,668,407,80,10,171,1,3,209,72,1,62,183,152,359,20
2111,LOCKMAR ELEMENTARY SCHOOL,yes,Active,elementary,'K-6,525 PEPPER ST,"PALM BAY, FL 32907",1981,45,N/A,29,743,699,692,632,632,585,601,573,525,525,518,475,450,424,401,892,0.589,0.5673352436,0.0558739255,0.0329512894,0.3438395415,698,396,39,23,240,4,5,104,69,0,71,272,257,233,35
2121,JOHN F. TURNER ELEMENTARY SCHOOL,yes,Active,elementary,'K-6,3175 JUPITER BLVD SE,"PALM BAY, FL 32909",1982,44,N/A,20,611,562,595,529,579,555,578,599,590,590,592,618,634,643,638,874,0.675,0.4932821497,0.0892514395,0.0115163148,0.405950096,1042,514,93,12,423,0,6,201,97,6,70,210,180,368,42
2122,SOUTHWEST MIDDLE SCHOOL,yes,Active,middle,'7-8,451 ELDRON BLVD SE,"PALM BAY, FL 32909",1987,39,N/A,20,842,833,898,904,940,920,900,1001,987,987,987,1063,1249,1245,1368,1281,0.77,0.5944584383,0.0232997481,0.0107052897,0.3715365239,1588,944,37,17,590,0,12,289,183,4,101,398,440,470,77
2131,COLUMBIA ELEMENTARY SCHOOL,yes,Active,elementary,'K-6,1225 WACO BLVD,"PALM BAY, FL 32909",1986,40,N/A,25,514,478,432,405,462,506,558,573,601,601,579,595,620,638,616,751,0.8,0.5160349854,0.0709426628,0.0087463557,0.4042759961,1029,531,73,9,416,1,9,171,111,0,77,232,259,306,36
2151,DISCOVERY ELEMENTARY SCHOOL,yes,Active,elementary,'K-6,1275 GLENDALE AV NW,"PALM BAY, FL 32909",1988,38,N/A,18,572,644,646,560,615,643,682,680,682,682,680,684,660,682,704,980,0.696,0.5948827292,0.1119402985,0.0213219616,0.2718550107,938,558,105,20,255,3,4,203,122,4,97,249,264,363,55
2161,CHRISTA MCAULIFFE ELEMENTARY SCHOOL,yes,Active,elementary,'K-6,155 DEL MUNDO ST NW,"PALM BAY, FL 32907",1986,40,N/A,13,794,777,740,669,634,621,648,687,676,676,652,635,637,627,623,838,0.807,0.6382211538,0.0661057692,0.0180288462,0.2776442308,832,531,55,15,231,0,13,171,116,1,86,289,289,337,50
2171,RIVIERA ELEMENTARY SCHOOL,yes,Active,elementary,'K-6,351 RIVIERA DR NE,"PALM BAY, FL 32905",1989,37,N/A,15,681,692,699,561,624,699,647,721,737,737,745,758,760,747,759,733,1.005,0.5638397018,0.0857409133,0.0335507922,0.3168685927,1073,605,92,36,340,1,15,193,151,8,109,260,266,432,39
2191,JUPITER ELEMENTARY SCHOOL,yes,Active,elementary,'K-6,950 TUPELO RD SW,"PALM BAY, FL 32908",1991,35,N/A,40,755,728,722,679,724,729,851,856,834,834,834,917,954,1030,1110,952,0.876,0.5166784954,0.0993612491,0.0212916962,0.3626685593,1409,728,140,30,511,0,12,296,139,2,109,276,267,505,62
2211,BAYSIDE HIGH SCHOOL,yes,Active,high,'9-12,1901 DEGROODT RD,"PALM BAY, FL 32908",1997,29,N/A,70,1718,1706,1646,1568,1653,1851,2039,2126,2206,2206,2288,2313,2363,2473,2654,2263,0.975,0.7347527968,0.0963551065,0.0133525803,0.1555395164,2771,2036,267,37,431,3,31,577,364,6,241,984,1165,868,173
2212,WESTSIDE ELEMENTARY SCHOOL,yes,Active,elementary,'K-6,2175 DEGROODT RD,"PALM BAY, FL 32908",1997,29,N/A,18,733,769,773,671,728,799,867,984,946,946,977,1050,1109,1169,1213,1029,0.919,0.5990752972,0.0323645971,0.0079260238,0.3606340819,1514,907,49,12,546,2,21,268,146,5,118,386,480,405,61
2221,SUNRISE ELEMENTARY SCHOOL,yes,Active,elementary,'K-6,1651 MARA LOMA BLVD,"PALM BAY, FL 32909",2006,20,N/A,25,839,820,798,700,691,759,867,907,927,927,947,1026,1125,1264,1342,957,0.969,0.7415730337,0.029386344,0.0069144339,0.2221261884,1157,858,34,8,257,3,13,171,134,4,114,488,474,379,74
2311,HERITAGE HIGH SCHOOL,yes,Active,high,'9-12,2353 W MALABAR RD,"PALM BAY, FL 32908",2009,17,N/A,66,1778,1831,1889,1899,1991,2033,2037,1992,1865,1865,1849,1874,1899,1924,1949,2314,0.806,0.7806484296,0.0820668693,0.0101317123,0.1271529889,1974,1541,162,20,251,4,31,559,365,3,211,692,876,828,161
3011,EAU GALLIE HIGH SCHOOL,yes,Active,high,'9-12,1400 COMMODORE BLVD,"MELBOURNE, FL 32935",1963,63,N/A,33,1657,1676,1689,1605,1610,1582,1489,1400,1329,1329,1311,1333,1396,1434,1509,2164,0.614,0.7902695595,0.1328073636,0.0565417488,0.0203813281,1521,1202,202,86,31,2,42,194,236,2,118,735,748,504,77
3021,CENTRAL MIDDLE SCHOOL,yes,Active,middle,'7-8,2600 WINGATE BLVD,"W. MELBOURNE, FL 32904",1995,31,N/A,40,1121,1193,1181,1135,1171,1129,1061,1058,1035,1035,991,970,1001,1045,1089,1514,0.684,0.6273764259,0.0373891001,0.0703422053,0.2648922687,1578,990,59,111,418,0,36,164,167,1,118,549,481,463,91
3031,LYNDON B. JOHNSON MIDDLE SCHOOL,yes,Active,middle,'7-8,2155 CROTON RD,"MELBOURNE, FL 32935",1964,62,N/A,31,803,736,744,731,690,610,555,577,552,552,529,572,592,591,608,1064,0.519,0.6887417219,0.1086092715,0.0900662252,0.1125827815,755,520,82,68,85,0,16,68,103,1,60,304,281,239,32
3041,SHERWOOD ELEMENTARY SCHOOL,yes,Active,elementary,'K-6,2541 POST RD,"MELBOURNE, FL 32935",1997,29,N/A,12,460,456,461,393,428,459,468,494,525,525,515,507,493,501,490,609,0.862,0.6591928251,0.1950672646,0.0269058296,0.1188340807,446,294,87,12,53,0,9,83,60,0,68,305,204,297,24
3061,HARBOR CITY ELEMENTARY SCHOOL,yes,Active,elementary,'K-6,1377 SARNO RD,"MELBOURNE, FL 32935",1960,66,N/A,12,392,371,366,345,359,403,397,390,373,373,356,357,364,344,344,629,0.593,0.6990740741,0.1574074074,0.0532407407,0.0902777778,432,302,68,23,39,3,17,47,57,3,46,200,147,203,23
3071,SABAL ELEMENTARY SCHOOL,yes,Active,elementary,'K-6,1401 WICKHAM RD,"MELBOURNE, FL 32935",1963,63,N/A,12,544,538,563,549,516,500,514,493,464,464,432,428,406,377,359,785,0.591,0.6175548589,0.1786833856,0.0579937304,0.1457680251,638,394,114,37,93,3,15,36,129,0,58,223,173,272,19
3091,CROTON ELEMENTARY SCHOOL,yes,Active,elementary,'K-6,1449 CROTON RD,"MELBOURNE, FL 32935",1966,60,N/A,11,579,552,523,480,487,488,484,464,444,444,409,417,421,434,428,773,0.574,0.637755102,0.2295918367,0.0442176871,0.0884353741,588,375,135,26,52,1,11,61,88,1,46,236,182,230,32
3101,ROY ALLEN ELEMENTARY SCHOOL,yes,Active,elementary,'K-6,2601 FOUNTAINHEAD BLVD,"MELBOURNE, FL 32935",1998,28,N/A,15,670,711,733,596,630,598,583,620,598,598,589,568,543,520,500,733,0.816,0.6839443742,0.1061946903,0.0733249052,0.1365360303,791,541,84,58,108,2,11,87,113,1,77,307,301,258,39
3121,SUNTREE ELEMENTARY SCHOOL,yes,Active,elementary,'K-6,900 JORDAN BLASS DR,"MELBOURNE, FL 32940",1991,35,N/A,28,686,675,675,594,595,600,601,585,523,523,504,469,444,431,395,755,0.693,0.7818181818,0.0512396694,0.0347107438,0.132231405,605,473,31,21,80,0,18,16,65,5,48,371,401,111,11
3131,LONGLEAF ELEMENTARY SCHOOL,yes,Active,elementary,'K-6,4290 N WICKHAM RD,"MELBOURNE, FL 32935",1997,29,N/A,18,613,647,646,568,594,631,607,579,533,533,503,460,450,430,403,790,0.675,0.7865429234,0.0719257541,0.0255220418,0.1160092807,431,339,31,11,50,2,25,21,56,0,39,390,401,108,24
3141,WEST SHORE JR/SR HIGH SCHOOL,yes,Active,jr_sr_high,'7-12,250 WILDCAT ALLEY,MELBOURNE FL 32935,1957,69,1998,28,955,953,951,967,946,930,931,947,941,941,942,942,942,942,942,1264,0.744,0,0,0,0,0,0,0,0,0,1,125,32,81,9,76,617,848,69,24
3151,QUEST ELEMENTARY SCHOOL,yes,Active,elementary,'K-6,8751 TRAFFORD DR,"VIERA, FL 32940",2004,22,N/A,18,1000,1089,1196,795,673,693,712,690,673,673,650,651,614,606,585,932,0.722,0.5737051793,0.1344621514,0.0249003984,0.2669322709,1004,576,135,25,268,5,41,28,52,3,62,482,532,125,16
3161,VIERA ELEMENTARY SCHOOL,yes,Active,elementary,'K-6,8300 STADIUM PARKWAY,"VIERA, FL 32940",2020,6,N/A,18,0,0,0,384,585,695,784,885,950,950,994,1038,1082,1126,1170,1030,0.922,0.7134778511,0.0461828464,0.0367577757,0.2035815269,1061,757,49,39,216,1,76,32,95,9,72,665,895,44,11
3171,VIERA MIDDLE SCHOOL,yes,Active,middle,'7-8,6093 Stadium Parkway,"Melbourne, FL 32940",2024,2,N/A,29,0,0,0,0,0,0,0,742,832,832,878,910,921,923,945,896,0.929,0.6594202899,0.037037037,0.1215780998,0.1819645733,1242,819,46,151,226,0,42,48,83,4,80,575,683,116,33
4011,MERRITT ISLAND HIGH SCHOOL,yes,Active,high,'9-12,100 E MUSTAND WAY,"MERRITT ISLAND, FL 32953",1965,61,N/A,46,1569,1542,1528,1489,1523,1546,1481,1445,1299,1299,1287,1291,1201,1162,1155,1966,0.661,0.7518593644,0.0906017579,0.1561866126,0.001352265,1479,1112,134,231,2,2,45,79,127,6,109,931,858,370,71
4021,EDGEWOOD JR/SR HIGH SCHOOL,yes,Active,jr_sr_high,'7-12,180 E MERRITT AV,MERRITT ISLAND FL 32953,1959,67,2005,26,943,948,942,937,921,938,935,940,942,942,944,944,944,944,944,1158,0.813,0,0,0,0,0,0,0,0,0,0,107,19,91,12,77,636,828,87,27
4031,MILA ELEMENTARY SCHOOL,yes,Active,elementary,'K-6,288 W MERRITT AV,"MERRITT ISLAND, FL 32953",1953,73,N/A,29,494,465,463,428,438,435,431,382,364,364,364,369,375,380,385,618,0.589,0.5758928571,0.2165178571,0.171875,0.0357142857,448,258,97,77,16,0,9,77,51,1,46,180,134,210,20
4041,TROPICAL ELEMENTARY SCHOOL,yes,Active,elementary,'K-6,885 S COURTENAY PKY,"MERRITT ISLAND, FL 32952",1961,65,N/A,16,797,825,804,682,641,669,619,569,493,493,461,433,377,366,343,910,0.542,0.7099644128,0.0925266904,0.1637010676,0.0338078292,562,399,52,92,19,0,14,6,40,1,55,377,265,196,32
4051,AUDUBON ELEMENTARY SCHOOL,yes,Active,elementary,'K-6,1201 N BANANA RIVER DR,"MERRITT ISLAND, FL 32952",1964,62,N/A,18,566,536,533,469,464,450,420,415,412,412,402,377,355,336,318,761,0.541,0.6285140562,0.1104417671,0.2369477912,0.0240963855,498,313,55,118,12,5,18,37,46,2,56,248,216,177,19
4071,ROBERT L. STEVENSON ELEMENTARY SCHOOL,yes,Active,elementary,'3-6,1450 MARTIN BLVD,"MERRITT ISLAND, FL 32952",1968,58,N/A,16,495,506,504,487,498,506,505,481,480,480,480,480,480,480,480,569,0.844,0,0,0,0,0,0,0,0,0,1,20,6,18,0,32,403,412,59,9
4111,THOMAS JEFFERSON MIDDLE SCHOOL,yes,Active,middle,'7-8,1275 S COURTENAY PKWY,"MERRITT ISLAND, FL 32952",1966,60,N/A,28,629,660,689,647,622,608,541,479,443,443,387,351,391,374,330,873,0.507,0.6530612245,0.1114599686,0.2244897959,0.010989011,637,416,71,143,7,0,12,29,50,0,57,295,263,160,20
4121,LEWIS CARROLL ELEMENTARY SCHOOL,yes,Active,elementary,'K-6,1 SKYLINE BLVD,"MERRITT ISLAND, FL 32953",1968,58,N/A,16,652,664,670,593,614,626,628,636,591,591,581,552,536,506,499,751,0.787,0.7416267943,0.0526315789,0.1961722488,0.009569378,627,465,33,123,6,1,17,11,44,2,52,464,372,183,36
5011,COCOA BEACH JR/SR HIGH SCHOOL,yes,Active,jr_sr_high,'7-12,1500 MINUTEMEN CSWY,COCOA BEACH FL 32931,1964,62,N/A,40,1004,1013,1003,964,943,983,1028,1049,997,997,984,921,895,859,832,1490,0.669,0.92228739,0.0483870968,0.0278592375,0.0014662757,682,629,33,19,1,0,38,32,112,5,73,737,760,200,37
5012,THEODORE ROOSEVELT ELEMENTARY SCHOOL,yes,Active,elementary,'K-6,1400 MINUTEMEN CSWY,"COCOA BEACH, FL 32931",1967,59,N/A,25,390,380,345,263,263,288,268,275,276,276,513,511,492,482,471,599,0.461,0.7185430464,0.0794701987,0.1887417219,0.0132450331,302,217,24,57,4,1,4,11,33,2,36,189,173,78,25
5021,FREEDOM 7 ELEMENTARY SCHOOL OF INTERNATIONAL STUDIES,yes,Active,elementary,'K-6,400 S FOURTH ST,"COCOA BEACH, FL 32931",1958,68,N/A,12,408,387,404,395,406,403,407,408,410,410,410,410,410,410,410,475,0.863,0,0,0,0,0,0,0,0,0,2,47,10,43,2,35,271,365,34,11
5031,CAPE VIEW ELEMENTARY SCHOOL,yes,Inactive,elementary,'K-6,8440 N ROSALIND AV,"CAPE CANAVERAL, FL 32920",1964,62,N/A,11,381,381,360,302,278,305,295,273,266,266,0,0,0,0,0,570,0.467,0.737704918,0.1016393443,0.1573770492,0.0032786885,305,225,31,48,1,2,3,5,44,0,28,184,133,116,17
6011,SATELLITE SENIOR HIGH SCHOOL,yes,Active,high,'9-12,300 SCORPION CT,"SATELLITE BEACH, FL 32937",1962,64,2008,30,1336,1328,1422,1412,1513,1518,1506,1436,1460,1460,1408,1308,1286,1203,1166,1551,0.941,0.8992307692,0.0484615385,0.05,0.0023076923,1300,1169,63,65,3,1,33,16,99,5,86,1220,1213,200,47
6012,DELAURA MIDDLE SCHOOL,yes,Active,middle,'7-8,300 JACKSON AV,"SATELLITE BEACH, FL 32937",1964,62,N/A,20,801,819,844,800,843,842,823,548,488,488,466,467,445,425,423,960,0.508,0.8627906977,0.0581395349,0.0558139535,0.023255814,430,371,25,24,10,0,12,7,30,2,32,405,382,91,15
6013,SPESSARD L. HOLLAND ELEMENTARY SCHOOL,yes,Active,elementary,'K-6,50 HOLLAND CT,"SATELLITE BEACH, FL 32937",1964,62,N/A,20,485,497,502,410,444,432,435,444,425,425,430,411,388,380,363,605,0.702,0.8617021277,0.1028368794,0.0177304965,0.0177304965,282,243,29,5,5,1,19,18,50,0,48,289,302,93,30
6051,SEA PARK ELEMENTARY SCHOOL,yes,Active,elementary,'K-6,300 SEA PARK BLVD,"SATELLITE BEACH, FL 32937",1959,67,N/A,12,317,321,338,272,299,337,327,308,309,309,307,304,298,293,276,461,0.67,0.7250859107,0.206185567,0.0446735395,0.0240549828,291,211,60,13,7,0,6,3,28,1,18,253,225,74,10
6061,SURFSIDE ELEMENTARY SCHOOL,yes,Active,elementary,'K-6,475 CASSIA BLVD,"SATELLITE BEACH, FL 32937",1962,64,N/A,12,455,460,461,438,408,442,419,404,406,406,406,386,383,377,374,541,0.75,0.8428184282,0.0948509485,0.0487804878,0.0135501355,369,311,35,18,5,1,10,1,23,0,25,346,339,49,18
6071,OCEAN BREEZE ELEMENTARY SCHOOL,yes,Active,elementary,'K-6,1101 CHEYENNE DR,"INDIAN HARBOUR BEACH, FL 32937",1964,62,N/A,16,527,532,559,508,538,554,529,499,462,462,467,444,410,389,370,654,0.706,0.806122449,0.1265306122,0.0591836735,0.0081632653,490,395,62,29,4,0,4,4,37,2,23,392,345,104,13
6081,INDIALANTIC ELEMENTARY SCHOOL,yes,Active,elementary,'K-6,1050 N PALM AV,"INDIALANTIC, FL 32903",1957,69,N/A,12,746,740,732,662,671,686,680,664,634,634,609,557,549,522,506,798,0.794,0.9090909091,0.0431432974,0.0354391371,0.0123266564,649,590,28,23,8,1,14,9,67,3,48,492,499,106,29
6082,HERBERT C. HOOVER MIDDLE SCHOOL,yes,Active,middle,'7-8,2000 HAWK HAVEN DR,"INDIALANTIC, FL 32903",1965,61,N/A,32,533,506,494,469,510,505,442,473,461,461,445,454,444,427,432,680,0.678,0.740608229,0.1055456172,0.1252236136,0.0286225403,559,414,59,70,16,0,9,25,47,0,39,341,327,109,25
6101,GEMINI ELEMENTARY SCHOOL,yes,Active,elementary,'K-6,2100 OAK ST,"MELBOURNE, FL 32951",1967,59,N/A,14,430,468,475,426,427,468,445,410,394,394,388,369,354,340,331,711,0.554,0.9863013699,0.0109589041,0,0.002739726,365,360,4,0,1,0,4,1,15,0,19,355,341,41,12
6141,DR. W.J. CREEL ELEMENTARY SCHOOL,yes,Active,elementary,'K-6,200 GLENWOOD DR,"MELBOURNE, FL 32935",1972,54,N/A,21,888,845,825,703,717,626,589,540,476,476,408,393,386,362,360,1048,0.454,0.5732394366,0.3084507042,0.0281690141,0.0901408451,710,407,219,20,64,1,10,103,95,2,49,216,160,288,28
89,GARDENDALE SEPARATE DAY SCHOOL,no,Active,,,,,,,N/A,,106,111,92,87,70,95,74,62,70,,,,,,,,,0,0,0,0,0,0,0,0,0,0,0,16,3,0,4,24,22,24,1
1002,BREVARD GROUP TREATMENT HOME,no,Inactive,,,,,,,N/A,,31,30,16,17,14,,,,,,,,,,,,,0,0,0,0,0,0,0,0,0,,,,,,,,,,
1014,BREVARD COUNTY JAIL COMPLEX,no,Active,,,,,,,N/A,,5,9,11,8,3,3,9,10,8,,,,,,,,,0,0,0,0,0,0,0,0,0,,,,,,,,,,
1017,NORTH/CENTRAL AREA ALTERNATIVE LEARNING CENTER,no,Inactive,,,,,,,N/A,,48,54,99,26,66,54,79,61,59,,,,,,,,,0,0,0,0,0,0,0,0,0,,,,,,,,,,
1018,SOUTH AREA ALTERNATIVE LEARNING CENTER,no,Active,,,,,,,N/A,,54,70,68,19,75,66,80,70,66,,,,,,,,,0,0,0,0,0,0,0,0,0,,,,,,,,,,
1021,PRE-K ESE SERVICES,no,Active,,,,,,,N/A,,191,221,179,130,175,211,221,141,141,,,,,,,,,0,0,0,0,0,0,0,0,0,0,5,16,4,0,7,89,121,,
1024,PREKINDERGARTEN CENTERS,no,Inactive,,,,,,,N/A,,,,,,,,,,,,,,,,,,,0,0,0,0,0,0,0,0,0,6,36,246,122,3,104,803,1333,,
1025,BREVARD COUNTY JUVENILE DETENTION CENTER,no,Active,,,,,,,N/A,,29,29,30,14,12,11,29,27,33,,,,,,,,,0,0,0,0,0,0,0,0,0,0,0,13,1,0,1,9,23,1,
1027,MELBOURNE CENTER FOR PERSONAL GROWTH,no,Inactive,,,,,,,N/A,,32,32,25,12,13,13,9,,,,,,,,,,,0,0,0,0,0,0,0,0,0,,,,,,,,,,
1028,DEVEREUX HOSPITAL,no,Active,,,,,,,N/A,,59,54,44,59,74,63,71,66,65,,,,,,,,,0,0,0,0,0,0,0,0,0,,,28,,,,33,61,,
1031,CLEARLAKE MIDDLE SCHOOL,no,Inactive,,,,,,,N/A,,,,,,,,,,,,,,,,,,,0,0,0,0,0,0,0,0,0,,,,,,,,,,
1073,PROJECT SEARCH,no,Active,,,,,,,N/A,,43,37,46,52,34,41,49,19,20,,,,,,,,,0,0,0,0,0,0,0,0,0,,,5,4,,3,10,22,,
3081,SOUTH PINE GROVE SCHOOL,no,Inactive,,,,,,,N/A,,,,,,,,,,,,,,,,,117,,0,0,0,0,0,0,0,0,0,,,,,,,,,,
3450,PERSONALIZED EDUCATION PROGRAM (PEP) (NOT FEFP FUNDED),no,Active,,,,,,,N/A,,,,,,,,,,,,,,,,,,,0,0,0,0,0,0,0,0,0,,,3,1,,5,22,32,,
4101,GARDENDALE ELEMENTARY MAGNET SCHOOL,no,Inactive,,,,,,,N/A,,,,,,,,,,,,,,,,,681,,0,0,0,0,0,0,0,0,0,,,,,,,,,,
6501,PALM BAY ACADEMY CHARTER SCHOOL,no,Active,,,,,,,N/A,,540,560,426,340,356,362,392,369,353,,,,,,,,,0,0,0,0,0,0,0,0,0,2,3,171,53,2,36,79,124,201,21
6507,ODYSSEY CHARTER SCHOOL,no,Active,,,,,,,N/A,,1403,1447,1547,1665,1819,1848,1912,1915,1902,,,,,,,,,0,0,0,0,0,0,0,0,0,1,39,494,329,2,257,809,1218,611,102
6508,SCULPTOR CHARTER SCHOOL,no,Active,,,,,,,N/A,,551,553,552,553,556,556,560,558,553,,,,,,,,,0,0,0,0,0,0,0,0,0,1,27,15,36,1,37,439,440,94,22
6509,ROYAL PALM CHARTER SCHOOL,no,Active,,,,,,,N/A,,335,335,344,320,332,332,342,339,338,,,,,,,,,0,0,0,0,0,0,0,0,0,0,1,57,71,0,36,183,186,156,6
6511,EDUCATIONAL HORIZONS CHARTER,no,Active,,,,,,,N/A,,117,124,128,109,116,131,131,137,141,,,,,,,,,0,0,0,0,0,0,0,0,0,0,20,10,13,0,10,85,101,29,8
6515,IMAGINE SCHOOLS AT WEST MELBOURNE,no,Active,,,,,,,N/A,,409,438,443,502,535,586,617,664,755,,,,,,,,,0,0,0,0,0,0,0,0,0,0,22,154,107,2,88,348,344,315,62
6521,RIVERSIDE CHARTER HIGH SCHOOL,no,Active,,,,,,,N/A,,0,0,0,0,0,0,80,224,218,,,,,,,,,0,0,0,0,0,0,0,0,0,0,3,83,39,3,27,99,157,92,5
6523,EMMA JEWEL CHARTER ACADEMY,no,Active,,,,,,,N/A,,355,358,365,339,355,341,364,339,340,,,,,,,,,0,0,0,0,0,0,0,0,0,0,0,265,23,3,24,15,64,260,6
6529,PINEAPPLE COVE CLASSICAL ACADEMY AT LOCKMAR,no,Active,,,,,,,N/A,,0,0,0,0,0,562,690,724,749,,,,,,,,,0,0,0,0,0,0,0,0,0,1,33,82,78,3,61,484,442,242,58
6540,VIERA CHARTER SCHOOL,no,Active,,,,,,,N/A,,1047,1054,1052,1282,1350,1530,1562,1529,1523,,,,,,,,,0,0,0,0,0,0,0,0,0,4,53,128,215,6,140,963,1178,261,70
6541,ODYSSEY PREPARATORY CHARTER ACADEMY,no,Active,,,,,,,N/A,,374,405,404,415,413,458,457,462,444,,,,,,,,,0,0,0,0,0,0,0,0,0,2,7,123,68,0,41,220,261,176,24
6543,PINEAPPLE COVE CLASSICAL ACADEMY,no,Active,,,,,,,N/A,,602,602,859,919,1027,1043,1067,1065,1032,,,,,,,,,0,0,0,0,0,0,0,0,0,0,25,88,147,3,73,729,793,203,69
6554,PINEAPPLE COVE CLASSICAL ACADEMY AT WEST MELBOURNE,no,Active,,,,,,,N/A,,0,474,599,649,823,796,799,832,868,,,,,,,,,0,0,0,0,0,0,0,0,0,0,44,79,123,3,72,604,652,197,76
6558,PINECREST ACADEMY SPACE COAST,no,Active,,,,,,,N/A,,0,0,0,344,603,673,661,649,671,,,,,,,,,0,0,0,0,0,0,0,0,0,0,27,52,99,1,56,338,415,118,40
7004,BREVARD VIRTUAL FRANCHISE,no,Active,,,,,,,N/A,,139,166,143,1196,542,276,226,214,227,,,,,,,,,0,0,0,0,0,0,0,0,0,0,6,14,18,0,15,97,150,0,0
